{"cameraMode":{"drawMode":0,"name":"Shaded","section":"Shading Mode"},"sceneLighting":true,"audioPlay":false,"sceneViewState":{"showFog":true,"showMaterialUpdate":false,"showSkybox":true,"showFlares":true,"showImageEffects":true,"showParticleSystems":true},"in2DMode":false,"pivot":{"x":0.08580589294433594,"y":2.2696688175201418,"z":-0.25150400400161745},"rotation":{"x":-0.08329715579748154,"y":0.8025952577590942,"z":-0.11540377140045166,"w":-0.5793027877807617},"size":4.152782440185547,"orthographic":false}