{"cameraMode":{"drawMode":0,"name":"Shaded","section":"Shading Mode"},"sceneLighting":true,"audioPlay":false,"sceneViewState":{"showFog":true,"showMaterialUpdate":false,"showSkybox":true,"showFlares":true,"showImageEffects":true,"showParticleSystems":true},"in2DMode":false,"pivot":{"x":-0.3480367660522461,"y":1.3287022113800049,"z":-0.19001412391662599},"rotation":{"x":-0.08329715579748154,"y":0.8025952577590942,"z":-0.11540377140045166,"w":-0.5793027877807617},"size":5.407395362854004,"orthographic":false}